attempt,1_cp,1_score,1_ratio_clip,1_gradient_clip,1_parameter_movement,1_kl,1_kl_stops,1_ppo_steps,1_ppo_delta,1_training_seconds,1_evaluation_seconds,1_total_seconds,1_outcome,1_wins,1_draws,1_losses,2_cp,2_score,2_ratio_clip,2_gradient_clip,2_parameter_movement,2_kl,2_kl_stops,2_ppo_steps,2_ppo_delta,2_training_seconds,2_evaluation_seconds,2_total_seconds,2_outcome,2_wins,2_draws,2_losses,3_cp,3_score,3_ratio_clip,3_gradient_clip,3_parameter_movement,3_kl,3_kl_stops,3_ppo_steps,3_ppo_delta,3_training_seconds,3_evaluation_seconds,3_total_seconds,3_outcome,3_wins,3_draws,3_losses
1,13,0.345,0.0235595703125,0.0,0.02516147064379206,0.0012312025370112185,0/4,414720,12288,75.18791120802052,97.09850716590881,172.28641837392934,passed,310,70,620,7,0.358,0.08650716145833333,,0.19245370235561285,0.010834868997335434,disabled,365568,52224,522.6686951669399,107.45948337484151,630.1281785417814,passed,326,64,610,36,0.4695,0.07820638020833333,,0.1396488884796213,0.011746582575142384,disabled,1618944,52224,61.23265583300963,33.68292104196735,94.91557687497698,failed-continued,424,91,485
2,14,0.366,0.028645833333333332,0.0,0.026416504860904463,0.0016026807777033507,0/4,427008,12288,77.59804254211485,91.56303533306345,169.1610778751783,passed,333,66,601,8,0.315,0.08121744791666667,,0.20908798565815923,0.010390725918114185,disabled,417792,52224,520.2288602089975,104.84020587499253,625.06906608399,failed-continued,282,66,652,37,0.518,0.06783040364583333,,0.13273855597306516,0.009713205508887768,disabled,1671168,52224,61.58851737505756,33.24779812502675,94.83631550008431,passed,478,80,442
3,15,0.3445,0.028340657552083332,0.0,0.02637378667572361,0.0016283403305455597,0/4,439296,12288,75.83135320898145,94.72120654210448,170.55255975108594,failed-1-rollback,312,65,623,9,0.3135,0.093505859375,,0.2326425354376691,0.014293854124844074,disabled,470016,52224,516.7391583751887,107.91317708301358,624.6523354582023,failed-continued,283,61,656,38,0.5025,0.08125813802083333,,0.13424762672806517,0.009681533090770245,disabled,1723392,52224,61.46433258301113,33.74661329202354,95.21094587503467,failed-continued,456,93,451
4,16,0.358,0.024820963541666668,0.0,0.028274606882897017,0.0013525583533754808,0/4,439296,12288,75.82145791710354,92.76988695887849,168.59134487598203,failed-1-rollback,321,74,605,10,0.297,0.13570149739583334,,0.2537079461675791,0.02422858215868473,disabled,522240,52224,517.5794677089434,104.55466954107396,622.1341372500174,failed-continued,264,66,670,39,0.5155,0.075439453125,,0.12898417496057574,0.010205616243183613,disabled,1775616,52224,61.87268254207447,32.93492187501397,94.80760441708844,failed-continued,475,81,444
5,17,0.3405,0.026448567708333332,0.0,0.025787541281262732,0.0015012622011667531,0/4,439296,12288,75.97676870878786,99.83541312511079,175.81218183389865,failed-1-rollback,305,71,624,11,0.253,0.17207845052083334,,0.2608907150814086,0.03521224856376648,disabled,574464,52224,515.7528032499831,108.91412520897575,624.6669284589589,failed-continued,230,46,724,40,0.5635,0.076904296875,,0.13176983422219285,0.009207210503518581,disabled,1827840,52224,61.626018666895106,33.00107850006316,94.62709716695827,passed,524,79,397
6,18,0.3085,0.026590983072916668,0.0,0.025360027199211543,0.0014842762788778903,0/4,439296,12288,79.28903795802034,98.37400391697884,177.66304187499918,failed-1-rollback,281,55,664,12,0.233,0.20979817708333334,,0.24393630655255016,0.07746834307909012,disabled,626688,52224,517.6188502081204,116.11866416689008,633.7375143750105,failed-continued,194,78,728,41,0.518,0.07051595052083333,,0.13466325472936497,0.009980409406125546,disabled,1880064,52224,61.42200549994595,32.58706737495959,94.00907287490554,failed-continued,483,70,447
7,19,0.39,0.02447509765625,0.0,0.023064461419373433,0.0013127515701304067,0/4,439296,12288,77.38985254103318,93.4683571672067,170.85820970823988,passed,348,84,568,13,0.215,0.24112955729166666,,0.22920806342575692,0.1096062883734703,disabled,678912,52224,522.8832895839587,121.74368733284064,644.6269769167993,failed-continued,192,46,762,42,0.5295,0.07027180989583333,,0.13050692531773436,0.009024186059832573,disabled,1932288,52224,61.60718295897823,32.72910379199311,94.33628675097134,failed-continued,496,67,437
8,20,0.352,0.030415852864583332,0.0,0.02161353442377077,0.001750483824556189,0/4,451584,12288,76.42588804196566,98.02174100000411,174.44762904196978,failed-1-rollback,317,70,613,14,0.228,0.2503662109375,,0.21923513367009342,0.12355228513479233,disabled,731136,52224,521.8349809169304,117.1949287909083,639.0299097078387,failed-7-rollback,203,50,747,43,0.533,0.07731119791666667,,0.12729141106960068,0.011442690156400204,disabled,1984512,52224,61.373547874973156,32.63485299993772,94.00840087491088,failed-continued,494,78,428
9,21,0.3685,0.029520670572916668,0.0,0.025757449226400882,0.001713948384036712,0/4,451584,12288,79.26919604185969,100.2246354999952,179.4938315418549,failed-1-rollback,339,59,602,15,0.319,0.06880696614583333,,0.21767340551704062,0.009767626412212849,disabled,417792,52224,519.5260407919995,105.1344655000139,624.6605062920135,failed-continued,280,78,642,44,0.529,0.09464518229166667,,0.13169694158272485,0.01330665871500969,disabled,2036736,52224,61.1502257080283,32.85226454096846,94.00249024899676,failed-continued,494,70,436
10,22,0.306,0.031717936197916664,0.0,0.024090672347322453,0.001940377314826473,0/4,451584,12288,76.86013829195872,96.29253400000744,173.15267229196616,failed-1-rollback,272,68,660,16,0.314,0.08711751302083333,,0.22117156759718357,0.022364618256688118,disabled,470016,52224,518.9769116248935,102.93556733289734,621.9124789577909,failed-continued,279,70,651,45,0.5085,0.08455403645833333,,0.12948408660939248,0.010845069773495197,disabled,2088960,52224,61.349971832940355,32.235924042062834,93.58589587500319,failed-continued,476,65,459
11,23,0.3385,0.033284505208333336,0.010416666666666666,0.0243091434701957,0.0020933935268772075,0/4,451584,12288,77.57566387485713,97.81243249983527,175.3880963746924,failed-1-rollback,295,87,618,17,0.2985,0.1151123046875,,0.23494592398220732,0.017455145716667175,disabled,522240,52224,516.7964666669723,108.75526104099117,625.5517277079634,failed-continued,270,57,673,46,0.5085,0.0889892578125,,0.1351878619886472,0.01083205733448267,disabled,2141184,52224,61.80290162493475,33.541282916092314,95.34418454102706,failed-continued,471,75,454
12,24,0.349,0.03204345703125,0.0,0.025357616899091582,0.0018639271850299604,0/4,451584,12288,76.22292854217812,97.94368499983102,174.16661354200915,failed-1-rollback,317,64,619,18,0.273,0.16243489583333334,,0.2543301390801081,0.03634143993258476,disabled,574464,52224,519.7748513331171,110.09924754104577,629.8740988741629,failed-continued,247,52,701,47,0.5265,0.09122721354166667,,0.13028118249406273,0.012723050080239773,disabled,2193408,52224,61.32647304201964,33.16320445807651,94.48967750009615,failed-7-rollback,491,71,438
13,25,0.3155,0.029154459635416668,0.0,0.023347402294818773,0.0016725566999677237,0/4,451584,12288,76.47924454091117,97.69099766714498,174.17024220805615,failed-1-rollback,282,67,651,19,0.2765,0.20133463541666666,,0.24821590288752152,0.06365788727998734,disabled,626688,52224,519.1319155828096,115.55894258292392,634.6908581657335,failed-continued,246,61,693,48,0.5085,0.0860595703125,,0.1282702458292626,0.011197962798178196,disabled,1880064,52224,61.14330741693266,32.69938770798035,93.842695124913,failed-continued,463,91,446
14,26,0.352,0.027384440104166668,0.0,0.023473648454936796,0.0016862100305677548,0/4,451584,12288,76.35484941699542,94.18922820896842,170.54407762596384,failed-1-rollback,315,74,611,20,0.2305,0.23388671875,,0.2333024625473267,0.07116016745567322,disabled,678912,52224,519.7604964158963,114.51483225007541,634.2753286659718,failed-continued,204,53,743,49,0.498,0.07942708333333333,,0.12947627738876813,0.011042811907827854,disabled,1932288,52224,61.246208416996524,32.76988295803312,94.01609137502965,failed-continued,463,70,467
15,27,0.392,0.029541015625,0.0,0.025354960638636747,0.0016196781153953548,0/4,451584,12288,76.6909356249962,95.89253229205497,172.58346791705117,passed,347,90,563,21,0.2475,0.2244873046875,,0.22330060044012692,0.09241188317537308,disabled,731136,52224,519.3159178749193,113.01564179221168,632.3315596671309,failed-7-rollback,218,59,723,50,0.513,0.0809326171875,,0.12665810017114795,0.012693545781075954,disabled,1984512,52224,61.20106845907867,33.02739824994933,94.228466709028,failed-continued,478,70,452
16,28,0.3695,0.031514485677083336,0.0,0.02963929327204302,0.002107375287598264,0/4,463872,12288,76.26972304214723,96.13852091692388,172.40824395907111,failed-1-rollback,338,63,599,22,0.3425,0.08260091145833333,,0.21090335384762282,0.011301249265670776,disabled,417792,52224,522.1411906250287,103.33977020788006,625.4809608329087,failed-continued,298,89,613,51,0.522,0.07316080729166667,,0.13192536093511828,0.008825748227536678,disabled,2036736,52224,61.25377162499353,33.915481332922354,95.16925295791589,failed-continued,481,82,437
17,29,0.375,0.023539225260416668,0.0,0.025191480528792897,0.0014128202339994307,0/4,463872,12288,77.54748058295809,97.8265872921329,175.374067875091,failed-1-rollback,338,74,588,23,0.3065,0.09814453125,,0.22818344234302687,0.015681279823184013,disabled,470016,52224,521.6409584160428,103.70980045804754,625.3507588740904,failed-continued,277,59,664,52,0.5535,0.07332356770833333,,0.12546828267556073,0.009453610517084599,disabled,2088960,52224,61.30789187492337,34.12772454204969,95.43561641697306,failed-continued,514,79,407
18,30,0.3765,0.02044677734375,0.0,0.023863194869712754,0.0011199730110528587,0/4,463872,12288,76.91311779106036,94.12297241692431,171.03609020798467,failed-1-rollback,339,75,586,24,0.3225,0.10359700520833333,,0.2326771183411122,0.020880989730358124,disabled,522240,52224,523.210695290938,105.6543682499323,628.8650635408703,failed-continued,289,67,644,53,0.5215,0.08378092447916667,,0.12803233958419127,0.011563646607100964,disabled,2141184,52224,61.131867542047985,34.08809683402069,95.21996437606867,failed-continued,480,83,437
19,31,0.355,0.0277099609375,0.0,0.02700718277768606,0.0015401927344290318,0/4,463872,12288,76.75186429102905,94.72644358314574,171.4783078741748,failed-1-rollback,314,82,604,25,0.3195,0.155517578125,,0.24885528784644137,0.03185809403657913,disabled,574464,52224,520.5986027088948,109.51779179205187,630.1163945009466,failed-continued,292,55,653,54,0.4915,0.07755533854166667,,0.1291185653586021,0.011703510768711567,disabled,2193408,52224,60.95716570899822,33.468113749986514,94.42527945898473,failed-7-rollback,455,73,472
20,32,0.3715,0.028157552083333332,0.0,0.025804310249761372,0.0015943135907624157,0/4,463872,12288,76.23949229205027,96.92873445898294,173.16822675103322,failed-1-rollback,338,67,595,26,0.266,0.21407063802083334,,0.25441622373867695,0.05319078639149666,disabled,626688,52224,522.3390990418848,112.34248595894314,634.6815850008279,failed-continued,229,74,697,55,0.5305,0.0811767578125,,0.13016285826360302,0.012013867497444153,disabled,1880064,52224,61.58052333409432,32.288023542030714,93.86854687612504,failed-continued,482,97,421
21,33,0.3555,0.024190266927083332,0.010416666666666666,0.025028183595863028,0.0014348176501831251,0/4,463872,12288,76.76484449999407,96.28268091706559,173.04752541705966,failed-1-rollback,322,67,611,27,0.229,0.24971516927083334,,0.24621359751774277,0.09661155939102173,disabled,678912,52224,522.4617814579979,124.19334666617215,646.65512812417,failed-continued,199,60,741,56,0.5085,0.08548990885416667,,0.13312144948356347,0.01076410710811615,disabled,1932288,52224,61.21908599999733,32.193134582950734,93.41222058294807,failed-continued,473,71,456
22,34,0.356,0.023478190104166668,0.0,0.02386435307183477,0.0013651459530047798,0/4,463872,12288,76.8120094591286,95.73852533404715,172.55053479317576,failed-1-rollback,321,70,609,28,0.231,0.2544759114583333,,0.22019483694047665,0.08798915147781372,disabled,731136,52224,521.5562084999401,118.01836441620253,639.5745729161426,failed-7-rollback,210,42,748,57,0.497,0.09200032552083333,,0.1329196077281401,0.011851292103528976,disabled,1984512,52224,61.298627290991135,32.989507624995895,94.28813491598703,failed-continued,462,70,468
23,35,0.3515,0.03253173828125,0.0,0.025466686367187526,0.002262378524411209,0/4,463872,12288,76.531938750064,96.20525050000288,172.73718925006688,failed-1-rollback,320,63,617,29,0.3045,0.09696451822916667,,0.21869746025096146,0.011615079827606678,disabled,417792,52224,525.6460561670829,100.96076754108071,626.6068237081636,failed-continued,272,65,663,58,0.468,0.08260091145833333,,0.13347970409569593,0.008978035300970078,disabled,2036736,52224,61.234651917009614,34.05370229203254,95.28835420904215,failed-continued,424,88,488
24,36,0.372,0.0228271484375,0.0,0.024813902085710264,0.001344478320168226,0/4,463872,12288,76.0572033750359,97.57941924990155,173.63662262493744,failed-1-rollback,336,72,592,30,0.2865,0.09126790364583333,,0.2270648602099248,0.013842848129570484,disabled,470016,52224,523.4513955840375,103.01796974986792,626.4693653339054,failed-continued,258,57,685,59,0.5195,0.07637532552083333,,0.12820808928621968,0.013883684761822224,disabled,2088960,52224,61.23124412505422,32.91559975000564,94.14684387505986,failed-continued,470,99,431
25,37,0.3535,0.027180989583333332,0.0,0.02723950463013815,0.0015880359758000395,0/4,463872,12288,76.42189133400097,94.37336687510833,170.7952582091093,failed-1-rollback,322,63,615,31,0.3135,0.140625,,0.24539049140032465,0.024265972897410393,disabled,522240,52224,523.3856998749543,110.75128345796838,634.1369833329227,failed-continued,282,63,655,60,0.501,0.08174641927083333,,0.12550927333742298,0.011352612636983395,disabled,2141184,52224,61.05968429206405,32.332352917059325,93.39203720912337,failed-continued,455,92,453
26,38,0.345,0.025919596354166668,0.0,0.026051154983161434,0.0013745258288508921,0/4,463872,12288,76.28030629083514,94.41627420904115,170.6965804998763,failed-1-rollback,311,68,621,32,0.3055,0.17138671875,,0.25547401651236556,0.032298494130373,disabled,574464,52224,524.3936400420498,109.48794333287515,633.881583374925,failed-continued,273,65,662,61,0.5185,0.09187825520833333,,0.12413456990219356,0.01167166605591774,disabled,2193408,52224,61.525182291981764,32.34953350003343,93.8747157920152,failed-7-rollback,476,85,439
27,39,0.357,0.0255126953125,0.0,0.02676945207498318,0.0014812360027320892,0/4,463872,12288,76.51646400010213,94.74266462516971,171.25912862527184,failed-1-rollback,319,76,605,33,0.2995,0.195068359375,,0.2407199232806202,0.055845845490694046,disabled,626688,52224,521.9514777918812,108.93172749993391,630.8832052918151,failed-continued,273,53,674,62,0.5295,0.08199055989583333,,0.12804750274556365,0.011092760600149632,disabled,1880064,52224,61.85413175006397,32.39560537505895,94.24973712512292,failed-continued,491,77,432
28,40,0.38,0.024759928385416668,0.0,0.02280866720059687,0.0014247043206315386,0/4,463872,12288,76.22326570795849,97.1575975830201,173.3808632909786,failed-1-rollback,344,72,584,34,0.2555,0.217041015625,,0.2300147208213048,0.07597339153289795,disabled,678912,52224,518.1743638329208,110.29241733299568,628.4667811659165,failed-continued,226,59,715,63,0.5105,0.08597819010416667,,0.13635054681080766,0.011157423257827759,disabled,1932288,52224,61.44086479092948,32.84761258296203,94.28847737389151,failed-continued,469,83,448
29,41,0.366,0.0238037109375,0.0,0.028207562529514615,0.0014583444124696143,0/4,463872,12288,78.86850445810705,100.71649191714823,179.5849963752553,failed-1-rollback,337,58,605,35,0.2335,0.219970703125,,0.21436633039956238,0.08115009218454361,disabled,731136,52224,520.1395130830351,111.43854970810935,631.5780627911445,failed-7-rollback,212,43,745,64,0.4995,0.0872802734375,,0.12351163388434666,0.01379153411835432,disabled,1984512,52224,61.33754920796491,32.55928883294109,93.896838040906,failed-continued,460,79,461
30,,,,,,,,,,,,,,,,,36,0.3515,0.08837890625,,0.20546083190890363,0.013459223322570324,disabled,417792,52224,527.2809838328976,103.85845054197125,631.1394343748689,failed-continued,315,73,612,65,0.4975,0.08882649739583333,,0.12700226177691057,0.01435792911797762,disabled,2036736,52224,61.57468949991744,33.321995582897216,94.89668508281466,failed-continued,462,71,467
31,,,,,,,,,,,,,,,,,37,0.309,0.12089029947916667,,0.23267945590148692,0.025959253311157227,disabled,470016,52224,522.0027650420088,114.90273787500337,636.9055029170122,failed-continued,278,62,660,66,0.54,0.08683268229166667,,0.1271489969567171,0.011497396975755692,disabled,2088960,52224,60.969159416039474,32.53175341594033,93.5009128319798,failed-continued,501,78,421
32,,,,,,,,,,,,,,,,,38,0.3125,0.11991373697916667,,0.24397944733704213,0.023671800270676613,disabled,522240,52224,520.3818880829494,114.7681350831408,635.1500231660903,failed-continued,280,65,655,67,0.527,0.08780924479166667,,0.12314791162284296,0.011464722454547882,disabled,2141184,52224,61.4093915829435,32.973418915993534,94.38281049893703,failed-continued,490,74,436
33,,,,,,,,,,,,,,,,,39,0.297,0.1534423828125,,0.24248544512002043,0.029627365991473198,disabled,574464,52224,519.0602472918108,113.7591297919862,632.819377083797,failed-continued,269,56,675,68,0.5335,0.1015625,,0.13054617001557858,0.016934288665652275,disabled,2193408,52224,61.17421429196838,32.50165208301041,93.6758663749788,failed-7-rollback,494,79,427
34,,,,,,,,,,,,,,,,,40,0.265,0.205078125,,0.24793667841314918,0.05405762791633606,disabled,626688,52224,521.1880802079104,114.87993795797229,636.0680181658827,failed-continued,230,70,700,69,0.4525,0.0838623046875,,0.1347745365741893,0.01000362727791071,disabled,1880064,52224,61.425555582973175,33.49856400000863,94.9241195829818,failed-continued,409,87,504
35,,,,,,,,,,,,,,,,,41,0.224,0.2303466796875,,0.23739807474783015,0.06827638298273087,disabled,678912,52224,518.85951999994,113.07059029187076,631.9301102918107,failed-continued,205,38,757,70,0.498,0.08915201822916667,,0.13917699746100967,0.011283225379884243,disabled,1932288,52224,61.751566332997754,32.52629700000398,94.27786333300173,failed-continued,466,64,470
36,,,,,,,,,,,,,,,,,42,0.2455,0.24698893229166666,,0.2271551307670978,0.09352893382310867,disabled,731136,52224,517.0511286659166,113.55830633314326,630.6094349990599,failed-7-rollback,218,55,727,71,0.4945,0.09012858072916667,,0.1254133467585569,0.011633099056780338,disabled,1984512,52224,61.159340125042945,32.95924954209477,94.11858966713771,failed-continued,456,77,467
37,,,,,,,,,,,,,,,,,43,0.336,0.08369954427083333,,0.21165695934695758,0.019780470058321953,disabled,417792,52224,520.6399387500715,102.69085158407688,623.3307903341483,failed-continued,300,72,628,72,0.5315,0.080810546875,,0.12282944797869115,0.010980922728776932,disabled,2036736,52224,61.411995041999035,32.56387333292514,93.97586837492418,failed-continued,489,85,426
38,,,,,,,,,,,,,,,,,44,0.288,0.09220377604166667,,0.22384589091205875,0.019013287499547005,disabled,470016,52224,519.7227736250497,102.86667899996974,622.5894526250195,failed-continued,258,60,682,73,0.521,0.094482421875,,0.12390872882750462,0.011672024615108967,disabled,2088960,52224,61.33067262498662,33.036458792048506,94.36713141703513,failed-continued,478,86,436
39,,,,,,,,,,,,,,,,,45,0.316,0.1282958984375,,0.2501281344753009,0.02373751811683178,disabled,522240,52224,518.25291345804,105.90935541712679,624.1622688751668,failed-continued,285,62,653,74,0.525,0.0867919921875,,0.1242770261163126,0.010841019451618195,disabled,2141184,52224,61.25770904205274,32.80303241708316,94.0607414591359,failed-continued,471,108,421
40,,,,,,,,,,,,,,,,,46,0.2495,0.18534342447916666,,0.25146509037940046,0.040793780237436295,disabled,574464,52224,518.4613052501809,112.320764582837,630.7820698330179,failed-continued,221,57,722,75,0.4925,0.0860595703125,,0.12629816094372162,0.010844963602721691,disabled,2193408,52224,61.06108454207424,32.67579975002445,93.7368842920987,failed-7-rollback,462,61,477
41,,,,,,,,,,,,,,,,,47,0.278,0.19527180989583334,,0.24020502683094547,0.04627004638314247,disabled,626688,52224,519.8287671669386,111.0048675830476,630.8336347499862,failed-continued,247,62,691,76,0.5165,0.0869140625,,0.13078070774638856,0.011433403007686138,disabled,1880064,52224,61.15919970802497,33.45980345807038,94.61900316609535,failed-continued,477,79,444
42,,,,,,,,,,,,,,,,,48,0.248,0.21651204427083334,,0.23000792152954916,0.08258569985628128,disabled,678912,52224,518.5585668340791,115.32498970790766,633.8835565419868,failed-continued,223,50,727,77,0.5305,0.08243815104166667,,0.12935879399460823,0.009384392760694027,disabled,1932288,52224,61.58634270809125,32.65828058402985,94.2446232921211,failed-continued,485,91,424
43,,,,,,,,,,,,,,,,,49,0.264,0.2227783203125,,0.21432389468208257,0.09616521745920181,disabled,731136,52224,518.1980244580191,120.14442479098216,638.3424492490012,failed-7-rollback,231,66,703,78,0.5285,0.07710774739583333,,0.12880632092310462,0.01049157977104187,disabled,1984512,52224,61.49154783296399,32.90024387498852,94.3917917079525,failed-continued,488,81,431
44,,,,,,,,,,,,,,,,,50,0.343,0.08418782552083333,,0.20767243961846626,0.01755836419761181,disabled,417792,52224,522.538540833164,105.00952479196712,627.5480656251311,failed-continued,313,60,627,79,0.529,0.07877604166666667,,0.12453011285857538,0.011193017475306988,disabled,2036736,52224,61.42559950007126,32.30372129101306,93.72932079108432,failed-continued,492,74,434
45,,,,,,,,,,,,,,,,,51,0.3445,0.07942708333333333,,0.21449209297873198,0.01766034960746765,disabled,470016,52224,523.5643597920425,106.05827695806511,629.6226367501076,failed-continued,311,67,622,80,0.5275,0.07779947916666667,,0.12768290390838563,0.010901086032390594,disabled,2088960,52224,61.78655987500679,32.1255398329813,93.91209970798809,failed-continued,491,73,436
46,,,,,,,,,,,,,,,,,52,0.339,0.1319580078125,,0.2525077725562979,0.02209070883691311,disabled,522240,52224,524.7649670829996,104.53492433298379,629.2998914159834,failed-continued,310,58,632,81,0.5095,0.08451334635416667,,0.13116562202059442,0.008766059763729572,disabled,2141184,52224,61.38217779202387,32.00044333306141,93.38262112508528,failed-continued,473,73,454
47,,,,,,,,,,,,,,,,,,,,,,,,,,,,,,,,,82,0.5345,0.08626302083333333,,0.12724914141557903,0.008985837921500206,disabled,2193408,52224,61.59725879202597,32.71402883308474,94.31128762511071,failed-7-rollback,496,77,427
48,,,,,,,,,,,,,,,,,,,,,,,,,,,,,,,,,83,0.524,0.08492024739583333,,0.13042258437457654,0.01123212929815054,disabled,1880064,52224,61.17633591592312,32.23176358395722,93.40809949988034,failed-continued,489,70,441
49,,,,,,,,,,,,,,,,,,,,,,,,,,,,,,,,,84,0.5345,0.08072916666666667,,0.1348140493107112,0.012325403280556202,disabled,1932288,52224,61.37604895804543,33.130401249974966,94.5064502080204,failed-continued,490,89,421
50,,,,,,,,,,,,,,,,,,,,,,,,,,,,,,,,,85,0.5105,0.08146158854166667,,0.12542749252986313,0.010959870181977749,disabled,1984512,52224,61.316444833995774,32.6138103751,93.93025520909578,failed-continued,475,71,454
51,,,,,,,,,,,,,,,,,,,,,,,,,,,,,,,,,86,0.5345,0.09281412760416667,,0.12540611452281467,0.012992684729397297,disabled,2036736,52224,61.07796124997549,33.103068958967924,94.18103020894341,failed-continued,494,81,425
52,,,,,,,,,,,,,,,,,,,,,,,,,,,,,,,,,87,0.5285,0.086181640625,,0.12912066337087588,0.011405429802834988,disabled,2088960,52224,61.40856679202989,32.74037025007419,94.14893704210408,failed-continued,485,87,428
53,,,,,,,,,,,,,,,,,,,,,,,,,,,,,,,,,88,0.553,0.08085123697916667,,0.1307383648604192,0.011506646871566772,disabled,2141184,52224,61.54254995798692,32.95672524999827,94.49927520798519,failed-continued,514,78,408
54,,,,,,,,,,,,,,,,,,,,,,,,,,,,,,,,,89,0.528,0.08321126302083333,,0.12895650961622654,0.009015275165438652,disabled,2193408,52224,61.379661125014536,32.54695049999282,93.92661162500735,failed-7-rollback,490,76,434
55,,,,,,,,,,,,,,,,,,,,,,,,,,,,,,,,,90,0.5085,0.07328287760416667,,0.1290803481562985,0.008654870092868805,disabled,1880064,52224,61.29605062492192,32.16321912501007,93.45926974993199,failed-continued,468,81,451
56,,,,,,,,,,,,,,,,,,,,,,,,,,,,,,,,,91,0.508,0.08203125,,0.12763265153992656,0.00973478052765131,disabled,1932288,52224,61.57739049999509,32.738023791927844,94.31541429192293,failed-continued,465,86,449
57,,,,,,,,,,,,,,,,,,,,,,,,,,,,,,,,,92,0.5275,0.08154296875,,0.1297882379064055,0.0101642906665802,disabled,1984512,52224,61.13298720901366,33.416408041957766,94.54939525097143,failed-continued,485,85,430
58,,,,,,,,,,,,,,,,,,,,,,,,,,,,,,,,,93,0.499,0.08614095052083333,,0.12767200239614804,0.011901467107236385,disabled,2036736,52224,61.49827420897782,32.607419625041075,94.1056938340189,failed-continued,460,78,462
59,,,,,,,,,,,,,,,,,,,,,,,,,,,,,,,,,94,0.5365,0.08492024739583333,,0.12982008489903057,0.01249311026185751,disabled,2088960,52224,61.31944079196546,33.53191358305048,94.85135437501594,failed-continued,498,77,425
60,,,,,,,,,,,,,,,,,,,,,,,,,,,,,,,,,95,0.5,0.0855712890625,,0.1265559388585204,0.011977572925388813,disabled,2141184,52224,61.19174683303572,31.93527204100974,93.12701887404546,failed-continued,458,84,458
61,,,,,,,,,,,,,,,,,,,,,,,,,,,,,,,,,96,0.502,0.08951822916666667,,0.12623686639248852,0.015633348375558853,disabled,2193408,52224,61.129891916993074,32.23900916695129,93.36890108394437,failed-7-rollback,464,76,460
62,,,,,,,,,,,,,,,,,,,,,,,,,,,,,,,,,97,0.4975,0.09004720052083333,,0.12876548698881993,0.01034887321293354,disabled,1880064,52224,61.45969187503215,33.07918008300476,94.5388719580369,failed-continued,456,83,461
63,,,,,,,,,,,,,,,,,,,,,,,,,,,,,,,,,98,0.507,0.0875244140625,,0.13292405784426936,0.012833472341299057,disabled,1932288,52224,61.2158113749465,32.852897500037216,94.06870887498371,failed-continued,467,80,453
64,,,,,,,,,,,,,,,,,,,,,,,,,,,,,,,,,99,0.5145,0.083251953125,,0.1286386879257958,0.010626357048749924,disabled,1984512,52224,61.077637542039156,32.82286429195665,93.9005018339958,failed-continued,477,75,448
65,,,,,,,,,,,,,,,,,,,,,,,,,,,,,,,,,100,0.498,0.09041341145833333,,0.1357747276634465,0.013228273950517178,disabled,2036736,52224,61.17845829203725,33.47876520792488,94.65722349996213,failed-continued,462,72,466
66,,,,,,,,,,,,,,,,,,,,,,,,,,,,,,,,,101,0.503,0.0863037109375,,0.13023306477053256,0.011480518616735935,disabled,2088960,52224,61.10086633299943,33.39237820892595,94.49324454192538,failed-continued,474,58,468
67,,,,,,,,,,,,,,,,,,,,,,,,,,,,,,,,,102,0.4975,0.07670084635416667,,0.12263243784664761,0.010371721349656582,disabled,2141184,52224,61.339012958924286,32.69808158301748,94.03709454194177,failed-continued,466,63,471
68,,,,,,,,,,,,,,,,,,,,,,,,,,,,,,,,,103,0.505,0.085205078125,,0.12581196591595148,0.009993501007556915,disabled,2193408,52224,61.42800070904195,33.224073999910615,94.65207470895257,failed-7-rollback,461,88,451
69,,,,,,,,,,,,,,,,,,,,,,,,,,,,,,,,,104,0.5035,0.06949869791666667,,0.132872626329603,0.0117795430123806,disabled,1880064,52224,61.24731212493498,31.84801537496969,93.09532749990467,failed-continued,460,87,453
70,,,,,,,,,,,,,,,,,,,,,,,,,,,,,,,,,105,0.5255,0.0743408203125,,0.12713069038604619,0.0097782788798213,disabled,1932288,52224,61.32718504196964,33.07226729101967,94.39945233298931,failed-continued,485,81,434
71,,,,,,,,,,,,,,,,,,,,,,,,,,,,,,,,,106,0.4855,0.0714111328125,,0.12347340475111647,0.009464970789849758,disabled,1984512,52224,61.437224874971434,32.3043027499225,93.74152762489393,failed-continued,443,85,472
72,,,,,,,,,,,,,,,,,,,,,,,,,,,,,,,,,107,0.5505,0.07950846354166667,,0.13039178182900435,0.01019707415252924,disabled,2036736,52224,61.44069529091939,31.660574959008954,93.10127024992835,failed-continued,512,77,411
73,,,,,,,,,,,,,,,,,,,,,,,,,,,,,,,,,108,0.5495,0.08414713541666667,,0.12997060208871888,0.011084397323429585,disabled,2088960,52224,61.157744416967034,32.38083945796825,93.53858387493528,failed-continued,516,67,417
74,,,,,,,,,,,,,,,,,,,,,,,,,,,,,,,,,109,0.562,0.09395345052083333,,0.1252783584937712,0.016940398141741753,disabled,2141184,52224,61.25588187505491,32.58704479201697,93.84292666707188,failed-continued,523,78,399
75,,,,,,,,,,,,,,,,,,,,,,,,,,,,,,,,,110,0.5715,0.09236653645833333,,0.12899426642345307,0.011906713247299194,disabled,2193408,52224,60.88716304197442,32.51866245793644,93.40582549991086,passed,535,73,392
76,,,,,,,,,,,,,,,,,,,,,,,,,,,,,,,,,111,0.567,0.07906087239583333,,0.12154390525916253,0.010725465603172779,disabled,2245632,52224,61.02011133299675,32.285063500050455,93.3051748330472,failed-continued,532,70,398
77,,,,,,,,,,,,,,,,,,,,,,,,,,,,,,,,,112,0.5345,0.08544921875,,0.12711577513304056,0.01086603756994009,disabled,2297856,52224,61.69041200005449,32.52133333298843,94.21174533304293,failed-continued,495,79,426
78,,,,,,,,,,,,,,,,,,,,,,,,,,,,,,,,,113,0.5585,0.10001627604166667,,0.13014647380874744,0.015834979712963104,disabled,2350080,52224,61.15122274996247,32.45814145798795,93.60936420795042,failed-continued,523,71,406
79,,,,,,,,,,,,,,,,,,,,,,,,,,,,,,,,,114,0.5605,0.09086100260416667,,0.12283901474351323,0.011360294185578823,disabled,2402304,52224,61.30075816693716,33.33234229206573,94.63310045900289,failed-continued,523,75,402
80,,,,,,,,,,,,,,,,,,,,,,,,,,,,,,,,,115,0.5435,0.08964029947916667,,0.11993992079206357,0.013378377072513103,disabled,2454528,52224,61.14354583306704,33.22023499989882,94.36378083296586,failed-continued,509,69,422
81,,,,,,,,,,,,,,,,,,,,,,,,,,,,,,,,,116,0.566,0.09598795572916667,,0.12330980703709221,0.014815203845500946,disabled,2506752,52224,61.51828279206529,31.717974334023893,93.23625712608919,failed-continued,529,74,397
82,,,,,,,,,,,,,,,,,,,,,,,,,,,,,,,,,117,0.548,0.09733072916666667,,0.11950112893975344,0.013659708201885223,disabled,2558976,52224,61.33109320793301,32.799682916956954,94.13077612488996,failed-7-rollback,512,72,416
83,,,,,,,,,,,,,,,,,,,,,,,,,,,,,,,,,118,0.5635,0.08357747395833333,,0.1243853225365584,0.011256317608058453,disabled,2245632,52224,61.215594165958464,32.17142391600646,93.38701808196492,failed-continued,525,77,398
84,,,,,,,,,,,,,,,,,,,,,,,,,,,,,,,,,119,0.5455,0.0830078125,,0.12200444888249963,0.01166048925369978,disabled,2297856,52224,61.09065062494483,32.70296037499793,93.79361099994276,failed-continued,507,77,416
85,,,,,,,,,,,,,,,,,,,,,,,,,,,,,,,,,120,0.5535,0.09541829427083333,,0.12180590949079573,0.013140678405761719,disabled,2350080,52224,61.151204625028186,33.373581041931175,94.52478566695936,failed-continued,516,75,409
86,,,,,,,,,,,,,,,,,,,,,,,,,,,,,,,,,121,0.532,0.09562174479166667,,0.12210262485152108,0.013671151362359524,disabled,2402304,52224,61.19209216698073,33.717137749888934,94.90922991686966,failed-continued,498,68,434
87,,,,,,,,,,,,,,,,,,,,,,,,,,,,,,,,,122,0.546,0.09281412760416667,,0.12559784422156184,0.011809666641056538,disabled,2454528,52224,60.81974054209422,32.074257542029954,92.89399808412418,failed-continued,506,80,414
88,,,,,,,,,,,,,,,,,,,,,,,,,,,,,,,,,123,0.574,0.09407552083333333,,0.1282675260265204,0.013810127042233944,disabled,2506752,52224,61.16371120803524,31.9561011249898,93.11981233302504,passed,534,80,386
89,,,,,,,,,,,,,,,,,,,,,,,,,,,,,,,,,124,0.544,0.09248860677083333,,0.1199113231403084,0.014943613670766354,disabled,2558976,52224,61.371789083001204,32.443543208995834,93.81533229199704,failed-continued,510,68,422
90,,,,,,,,,,,,,,,,,,,,,,,,,,,,,,,,,125,0.585,0.0921630859375,,0.12467917226236014,0.01331484317779541,disabled,2611200,52224,61.23935204104055,31.555685958941467,92.79503799998201,passed,545,80,375
91,,,,,,,,,,,,,,,,,,,,,,,,,,,,,,,,,126,0.5725,0.09549967447916667,,0.12211387919493016,0.01803719252347946,disabled,2663424,52224,61.281234625028446,32.09947191597894,93.38070654100738,failed-continued,533,79,388
92,,,,,,,,,,,,,,,,,,,,,,,,,,,,,,,,,127,0.545,0.09891764322916667,,0.12320549217539271,0.016911014914512634,disabled,2715648,52224,61.01679883291945,31.96746841701679,92.98426724993624,failed-continued,511,68,421
93,,,,,,,,,,,,,,,,,,,,,,,,,,,,,,,,,128,0.541,0.09375,,0.11430974449067735,0.013385546393692493,disabled,2767872,52224,61.36525074997917,31.908602833049372,93.27385358302854,failed-continued,498,86,416
94,,,,,,,,,,,,,,,,,,,,,,,,,,,,,,,,,129,0.5675,0.10616048177083333,,0.1189236608907914,0.023915810510516167,disabled,2820096,52224,61.25409966695588,32.516689333016984,93.77078899997286,failed-continued,532,71,397
95,,,,,,,,,,,,,,,,,,,,,,,,,,,,,,,,,130,0.5575,0.10257975260416667,,0.12178314832127497,0.016184231266379356,disabled,2872320,52224,61.067008208017796,33.07241150003392,94.13941970805172,failed-continued,516,83,401
96,,,,,,,,,,,,,,,,,,,,,,,,,,,,,,,,,131,0.593,0.10184733072916667,,0.11847967069173922,0.01718824729323387,disabled,2924544,52224,61.201157417031936,32.29702358401846,93.4981810010504,passed,548,90,362
97,,,,,,,,,,,,,,,,,,,,,,,,,,,,,,,,,132,0.549,0.08353678385416667,,0.1136261535147448,0.011970077641308308,disabled,2976768,52224,61.2495377920568,32.60542475001421,93.85496254207101,failed-continued,512,74,414
98,,,,,,,,,,,,,,,,,,,,,,,,,,,,,,,,,133,0.5385,0.10660807291666667,,0.11530640007221316,0.017717525362968445,disabled,3028992,52224,61.09984749997966,32.25940829096362,93.35925579094328,failed-continued,510,57,433
99,,,,,,,,,,,,,,,,,,,,,,,,,,,,,,,,,134,0.551,0.10709635416666667,,0.11991570331345056,0.016615644097328186,disabled,3081216,52224,61.28687416703906,31.943324959021993,93.23019912606105,failed-continued,520,62,418
100,,,,,,,,,,,,,,,,,,,,,,,,,,,,,,,,,135,0.573,0.0877685546875,,0.1100145321496739,0.015591055154800415,disabled,3133440,52224,60.66521179198753,31.9930586660048,92.65827045799233,failed-continued,533,80,387
101,,,,,,,,,,,,,,,,,,,,,,,,,,,,,,,,,136,0.568,0.11258951822916667,,0.11935971239687154,0.01803913712501526,disabled,3185664,52224,61.62867000000551,32.236801416031085,93.8654714160366,failed-continued,527,82,391
102,,,,,,,,,,,,,,,,,,,,,,,,,,,,,,,,,137,0.6015,0.09554036458333333,,0.11316073708817531,0.014054641127586365,disabled,3237888,52224,61.17894091701601,31.96005570795387,93.13899662496988,passed,575,53,372
103,,,,,,,,,,,,,,,,,,,,,,,,,,,,,,,,,138,0.5685,0.10257975260416667,,0.11232517492800344,0.01583208702504635,disabled,3290112,52224,60.903377459035255,32.236323999939486,93.13970145897474,failed-continued,533,71,396
104,,,,,,,,,,,,,,,,,,,,,,,,,,,,,,,,,139,0.5705,0.11568196614583333,,0.10513875900804902,0.01710067130625248,disabled,3342336,52224,61.285954499966465,32.3032194590196,93.58917395898607,failed-continued,529,83,388
105,,,,,,,,,,,,,,,,,,,,,,,,,,,,,,,,,140,0.5965,0.10465494791666667,,0.11299180772210696,0.01621113158762455,disabled,3394560,52224,61.37729858304374,32.056367832934484,93.43366641597822,failed-continued,555,83,362
106,,,,,,,,,,,,,,,,,,,,,,,,,,,,,,,,,141,0.5575,0.09806315104166667,,0.10881323852916838,0.016043992713093758,disabled,3446784,52224,61.12635879195295,32.268448458984494,93.39480725093745,failed-continued,520,75,405
107,,,,,,,,,,,,,,,,,,,,,,,,,,,,,,,,,142,0.5855,0.10038248697916667,,0.10992280396978277,0.01476745679974556,disabled,3499008,52224,61.33804804098327,31.830065457965247,93.16811349894851,failed-continued,543,85,372
108,,,,,,,,,,,,,,,,,,,,,,,,,,,,,,,,,143,0.5815,0.11307779947916667,,0.11376592619339294,0.02042500488460064,disabled,3551232,52224,61.047784041962586,32.52792716596741,93.57571120793,failed-continued,549,65,386
109,,,,,,,,,,,,,,,,,,,,,,,,,,,,,,,,,144,0.575,0.110595703125,,0.11143471254855697,0.018535299226641655,disabled,3603456,52224,61.19839637505356,33.02054945798591,94.21894583303947,failed-7-rollback,533,84,383
110,,,,,,,,,,,,,,,,,,,,,,,,,,,,,,,,,145,0.5265,0.10257975260416667,,0.11240954770353047,0.01708982139825821,disabled,3290112,52224,61.05961929098703,31.975849083042704,93.03546837402973,failed-continued,486,81,433
111,,,,,,,,,,,,,,,,,,,,,,,,,,,,,,,,,146,0.5745,0.10526529947916667,,0.10865704551192633,0.016405677422881126,disabled,3342336,52224,60.96595462504774,31.887538625043817,92.85349325009156,failed-continued,540,69,391
112,,,,,,,,,,,,,,,,,,,,,,,,,,,,,,,,,147,0.567,0.11568196614583333,,0.10891072873119877,0.018218232318758965,disabled,3394560,52224,61.11637379101012,31.801601665909402,92.91797545691952,failed-continued,533,68,399
113,,,,,,,,,,,,,,,,,,,,,,,,,,,,,,,,,148,0.537,0.1143798828125,,0.11189378554090214,0.02031899057328701,disabled,3446784,52224,61.00723216694314,32.60724333289545,93.61447549983859,failed-continued,498,78,424
114,,,,,,,,,,,,,,,,,,,,,,,,,,,,,,,,,149,0.542,0.11348470052083333,,0.10739378282386358,0.018353121355175972,disabled,3499008,52224,61.19552887498867,32.452056291978806,93.64758516696747,failed-continued,505,74,421
115,,,,,,,,,,,,,,,,,,,,,,,,,,,,,,,,,150,0.5665,0.11775716145833333,,0.10891707766419982,0.019573941826820374,disabled,3551232,52224,60.79359795805067,31.775749083026312,92.56934704107698,failed-continued,525,83,392
116,,,,,,,,,,,,,,,,,,,,,,,,,,,,,,,,,151,0.5835,0.09903971354166667,,0.10686997272344119,0.016016408801078796,disabled,3603456,52224,61.17475054098759,31.876284042024054,93.05103458301164,failed-7-rollback,544,79,377
117,,,,,,,,,,,,,,,,,,,,,,,,,,,,,,,,,152,0.5425,0.09627278645833333,,0.10993955558108724,0.01562222745269537,disabled,3290112,52224,61.17342962499242,32.474197541945614,93.64762716693804,failed-continued,500,85,415
118,,,,,,,,,,,,,,,,,,,,,,,,,,,,,,,,,153,0.5965,0.10872395833333333,,0.1133295538388376,0.019409412518143654,disabled,3342336,52224,60.9645772499498,32.556827915948816,93.52140516589861,failed-continued,560,73,367
119,,,,,,,,,,,,,,,,,,,,,,,,,,,,,,,,,154,0.5725,0.10298665364583333,,0.1053544138242162,0.016887377947568893,disabled,3394560,52224,61.06938533298671,31.181646000011824,92.25103133299854,failed-continued,537,71,392
120,,,,,,,,,,,,,,,,,,,,,,,,,,,,,,,,,155,0.555,0.10099283854166667,,0.10487652365512874,0.019200030714273453,disabled,3446784,52224,61.114271875005215,32.62238829198759,93.7366601669928,failed-continued,513,84,403
121,,,,,,,,,,,,,,,,,,,,,,,,,,,,,,,,,156,0.581,0.10017903645833333,,0.10815034733493249,0.01545670349150896,disabled,3499008,52224,61.490199040970765,32.68705783295445,94.17725687392522,failed-continued,538,86,376
122,,,,,,,,,,,,,,,,,,,,,,,,,,,,,,,,,157,0.6025,0.0994873046875,,0.10703031715093161,0.017376787960529327,disabled,3551232,52224,61.329414042062126,32.232554416987114,93.56196845904924,passed,569,67,364
123,,,,,,,,,,,,,,,,,,,,,,,,,,,,,,,,,158,0.5835,0.10347493489583333,,0.10623711670466666,0.01953881047666073,disabled,3603456,52224,60.968919207924046,32.43240404210519,93.40132325002924,failed-continued,549,69,382
124,,,,,,,,,,,,,,,,,,,,,,,,,,,,,,,,,159,0.5965,0.10201009114583333,,0.10769407770685752,0.017661310732364655,disabled,3655680,52224,61.25641408399679,30.845979750039987,92.10239383403677,failed-continued,558,77,365
125,,,,,,,,,,,,,,,,,,,,,,,,,,,,,,,,,160,0.596,0.11324055989583333,,0.10656325813915234,0.01938733644783497,disabled,3707904,52224,61.52831583400257,31.52314650011249,93.05146233411506,failed-continued,554,84,362
126,,,,,,,,,,,,,,,,,,,,,,,,,,,,,,,,,161,0.565,0.10921223958333333,,0.10240491935764992,0.01688218303024769,disabled,3760128,52224,60.867165290983394,32.31346299999859,93.18062829098199,failed-continued,521,88,391
127,,,,,,,,,,,,,,,,,,,,,,,,,,,,,,,,,162,0.585,0.11039225260416667,,0.10222701616789537,0.017863838002085686,disabled,3812352,52224,61.70191516703926,32.6909827090567,94.39289787609596,failed-continued,539,92,369
128,,,,,,,,,,,,,,,,,,,,,,,,,,,,,,,,,163,0.598,0.1141357421875,,0.10634655832278321,0.01743193529546261,disabled,3864576,52224,61.05251499998849,32.107582874945365,93.16009787493385,failed-continued,557,82,361
129,,,,,,,,,,,,,,,,,,,,,,,,,,,,,,,,,164,0.5635,0.11702473958333333,,0.10717665578471547,0.017106035724282265,disabled,3916800,52224,60.98757549992297,31.906259291921742,92.89383479184471,failed-7-rollback,522,83,395
130,,,,,,,,,,,,,,,,,,,,,,,,,,,,,,,,,165,0.5815,0.11149088541666667,,0.10055384832967058,0.019649958238005638,disabled,3603456,52224,61.2135561669711,31.874755042023025,93.08831120899413,failed-continued,544,75,381
131,,,,,,,,,,,,,,,,,,,,,,,,,,,,,,,,,166,0.5795,0.09663899739583333,,0.10195539703584869,0.016915617510676384,disabled,3655680,52224,61.41363583295606,31.56842562498059,92.98206145793665,failed-continued,540,79,381
132,,,,,,,,,,,,,,,,,,,,,,,,,,,,,,,,,167,0.58,0.116455078125,,0.10476369122976804,0.02613218128681183,disabled,3707904,52224,60.818018166930415,31.3139655420091,92.13198370893952,failed-continued,537,86,377
133,,,,,,,,,,,,,,,,,,,,,,,,,,,,,,,,,168,0.5445,0.1187744140625,,0.10975885886882471,0.02098201960325241,disabled,3760128,52224,61.20272399997339,32.85112200002186,94.05384599999525,failed-continued,511,67,422
134,,,,,,,,,,,,,,,,,,,,,,,,,,,,,,,,,169,0.5495,0.1126708984375,,0.11377311095186915,0.01679384708404541,disabled,3812352,52224,60.76317587506492,32.45586754195392,93.21904341701884,failed-continued,503,93,404
135,,,,,,,,,,,,,,,,,,,,,,,,,,,,,,,,,170,0.555,0.12117513020833333,,0.10535553979908951,0.021497391164302826,disabled,3864576,52224,61.098539583035745,32.63384958298411,93.73238916601986,failed-continued,516,78,406
136,,,,,,,,,,,,,,,,,,,,,,,,,,,,,,,,,171,0.5185,0.11258951822916667,,0.10477121012744946,0.01952415145933628,disabled,3916800,52224,61.3996742090676,31.782283084001392,93.18195729306899,failed-7-rollback,480,77,443
137,,,,,,,,,,,,,,,,,,,,,,,,,,,,,,,,,172,0.5715,0.11027018229166667,,0.10045807667172459,0.0224965438246727,disabled,3603456,52224,61.08455804095138,31.461037624976598,92.54559566592798,failed-continued,540,63,397
138,,,,,,,,,,,,,,,,,,,,,,,,,,,,,,,,,173,0.6015,0.10982259114583333,,0.10333806676355049,0.020469127222895622,disabled,3655680,52224,61.21033966599498,31.36593674996402,92.576276415959,failed-continued,560,83,357
139,,,,,,,,,,,,,,,,,,,,,,,,,,,,,,,,,174,0.5665,0.12434895833333333,,0.10947695268702178,0.01822601817548275,disabled,3707904,52224,61.33532116690185,31.765138000017032,93.10045916691888,failed-continued,532,69,399
140,,,,,,,,,,,,,,,,,,,,,,,,,,,,,,,,,175,0.593,0.108154296875,,0.10947311943284121,0.018530914559960365,disabled,3760128,52224,61.69871029094793,31.706645541009493,93.40535583195742,failed-continued,562,62,376
141,,,,,,,,,,,,,,,,,,,,,,,,,,,,,,,,,176,0.586,0.10518391927083333,,0.1006131515634219,0.016231726855039597,disabled,3812352,52224,60.84437975008041,31.49286945804488,92.33724920812529,failed-continued,547,78,375
142,,,,,,,,,,,,,,,,,,,,,,,,,,,,,,,,,177,0.582,0.1124267578125,,0.10627124562710562,0.01973450370132923,disabled,3864576,52224,61.449210749939084,31.65485012496356,93.10406087490264,failed-continued,542,80,378
143,,,,,,,,,,,,,,,,,,,,,,,,,,,,,,,,,178,0.579,0.10469563802083333,,0.11124690608044917,0.016324279829859734,disabled,3916800,52224,60.960184458992444,33.07669820799492,94.03688266698737,failed-7-rollback,542,74,384
144,,,,,,,,,,,,,,,,,,,,,,,,,,,,,,,,,179,0.5885,0.11376953125,,0.10558693986448285,0.01877623051404953,disabled,3603456,52224,61.381143374950625,31.887166916043498,93.26831029099412,failed-continued,548,81,371
145,,,,,,,,,,,,,,,,,,,,,,,,,,,,,,,,,180,0.547,0.107666015625,,0.10689775501236909,0.01671522669494152,disabled,3655680,52224,61.13866137492005,32.25122737500351,93.38988874992356,failed-continued,510,74,416
146,,,,,,,,,,,,,,,,,,,,,,,,,,,,,,,,,181,0.5515,0.1138916015625,,0.11085521432777891,0.019407937303185463,disabled,3707904,52224,61.087760958005674,32.35488920903299,93.44265016703866,failed-continued,513,77,410
147,,,,,,,,,,,,,,,,,,,,,,,,,,,,,,,,,182,0.5825,0.12223307291666667,,0.10529959370092126,0.02153030037879944,disabled,3760128,52224,60.99137325002812,32.494304417050444,93.48567766707856,failed-continued,545,75,380
148,,,,,,,,,,,,,,,,,,,,,,,,,,,,,,,,,183,0.56,0.10164388020833333,,0.10133823222329451,0.014720718376338482,disabled,3812352,52224,60.95196637499612,32.381143625010736,93.33311000000685,failed-continued,520,80,400
149,,,,,,,,,,,,,,,,,,,,,,,,,,,,,,,,,184,0.566,0.10774739583333333,,0.09949534868691022,0.016797246411442757,disabled,3864576,52224,61.274867333006114,32.413329583010636,93.68819691601675,failed-continued,533,66,401
150,,,,,,,,,,,,,,,,,,,,,,,,,,,,,,,,,185,0.584,0.10994466145833333,,0.1027108332260242,0.02025533653795719,disabled,3916800,52224,61.234844416962005,31.67455441597849,92.9093988329405,failed-7-rollback,544,80,376
151,,,,,,,,,,,,,,,,,,,,,,,,,,,,,,,,,186,0.5915,0.1043701171875,,0.10092030984877079,0.01710882969200611,disabled,3603456,52224,61.1109025409678,32.33211554097943,93.44301808194723,failed-continued,563,57,380
152,,,,,,,,,,,,,,,,,,,,,,,,,,,,,,,,,187,0.595,0.1107177734375,,0.10417048518902318,0.019022969529032707,disabled,3655680,52224,60.84042424999643,32.85856916708872,93.69899341708515,failed-continued,557,76,367
153,,,,,,,,,,,,,,,,,,,,,,,,,,,,,,,,,188,0.5935,0.10774739583333333,,0.10513556135594958,0.019705558195710182,disabled,3707904,52224,60.94339862500783,31.07014025002718,92.01353887503501,failed-continued,554,79,367
154,,,,,,,,,,,,,,,,,,,,,,,,,,,,,,,,,189,0.5995,0.1060791015625,,0.10368635518037943,0.019478047266602516,disabled,3760128,52224,60.80541383300442,32.443991540931165,93.24940537393559,failed-continued,566,67,367
155,,,,,,,,,,,,,,,,,,,,,,,,,,,,,,,,,190,0.567,0.10205078125,,0.10247734772208286,0.01873924769461155,disabled,3812352,52224,60.919817958027124,32.590386916999705,93.51020487502683,failed-continued,533,68,399
156,,,,,,,,,,,,,,,,,,,,,,,,,,,,,,,,,191,0.5775,0.09586588541666667,,0.10628814013335955,0.015407961793243885,disabled,3864576,52224,60.83572574995924,32.43534554191865,93.27107129187789,failed-continued,534,87,379
157,,,,,,,,,,,,,,,,,,,,,,,,,,,,,,,,,192,0.558,0.10347493489583333,,0.10175143607806858,0.017577577382326126,disabled,3916800,52224,61.077528959023766,32.47778112499509,93.55531008401886,failed-7-rollback,523,70,407
158,,,,,,,,,,,,,,,,,,,,,,,,,,,,,,,,,193,0.63,0.1002197265625,,0.10197278656888185,0.020361151546239853,disabled,3603456,52224,61.02828504203353,31.403942583012395,92.43222762504593,passed,590,80,330
